編號,Pazeh,華語,頁碼
1,dahilen nimisiw,(我) 被 他 嚇 到 了 !,4
2,masidadahil,"驚訝 , 嚇 到",4
3,maasidadahil,互相 驚嚇,4
4,midadihil yamisiw aku,我 嚇唬 他 們,4
5,ana midahin,別怕,4
6,maideh a muzakay,走 得 快,4
7,maideh dalum,水 流 湍 急,4
8,imisiw ka maideh mitalam,你 跑 得 快,4
9,imisiw muzakay ka maideh,他 走 得 快,4
10,imini a rangasat ka naki a aideman,此 床 是 我 睡 的 地 方,4
11,midem lia ki rakihan,小 孩 睡 了,4
12,maidemay lia,就 要 睡 了,4
13,maidem lia ki rakihan,小 孩 在 睡,4
14,liaka paidemen di bayu,然後 讓 你 睡 在 水 旁,4
15,haideng a buxu,懷孕,4
16,"liaka puzah adang a rubang mamais, nahani miliw dalum.",然後 一 個 姑娘 來 挑 水,4
17,ima ki maideh?,誰 快,4
18,ima ka nisiw a rakihan?,誰 是 你 的 小 孩,4
19,"ima, ima mamaleng ka magizem dadua.",看 哪 一 個 少年 最 強壯,4
20,haiki ima pai misiw?,他 好 像 像 誰,4
21,ima ka minututing isiw?,誰 打 了 你,4
22,isiw ka mikita ima di binayu?,你 在 山 裡 看 到 誰,4
23,mikita ima pai siw?,你 看 到 誰,4
24,ima pai yamisiw?,那 些 是 誰,4
25,mia’ima ki uzay nisiw a rakihan?,哪 一 個 不 是 你 的 小 孩,4
26,nima ki umamah?,這 是 誰 的 田,4
27,dua nima xuma pai mini?,這 是 誰 的 ( 指 多 數 人 的 ),4
28,minima a daxe?,誰 的 (多 數 ) 十 地,4
29,minataxubilih,本 來 要 回 去,4
30,imini ka minah aunu nisiw,這 個 以 後 再 給 你,4
31,zakay minah lai yasia,他 們 在 走 (路 ),5
32,"zakay minah, makamasakelay xamaxam lai yasia","他 們 在 走 , 將 到 時 他 們 摸 一 摸",5
33,puzah minang lia ku,我 再 來 一 次 了,5
34,alu paxuruma aingaingar,來種各種蔬菜水果,5
35,ini mukusa aku,我沒去,5
36,ini mausay aku,我 不 想 去,5
37,ini padauxen inusat ni Kalagu ki Atun,Kalagu 沒 有 叫 (敬) Atun 喝 酒,5
38,ini pinatalekan naki a maxiasu ki rumut ni taupungu,老闆沒有叫我媳婦煮肉,5
39,Watan ini meken alaw.,Watan 沒 吃 魚,5
40,yaku ini mudaux dalum.,我 不 喝 水,5
41,Itih ka mikadeng ka ini mupuzah.,Itih 生 病 沒 來,5
42,inima’a’aisiyay,"異樣 , 不 相 同",5
43,ini maakariak,不 和睦 (ini maakariak a saw 敵人.仇人),5
44,ini xadu mupuzah dini imisiw,他 不 常 來 這 裡,
45,maisat rakihan ki ina.,母親 罵 小 孩,5
46,yaku ini maisat imisiw.,我沒罵他,5
47,maisat lia ki Aba kaibabaw.,天父 (上 帝) 生氣 了,5
48,"maisat Baxala siw ka, maikixiay nimisiw a ina","如果你罵Baxala, 我 就 告訴 他 媽媽",5
49,isia liaka ini mikita lia ka Awi.,那 時 她 瞧不起 Awi,5
50,isia rezaw mupuzah mikita yaku misiw,他 時 常 來 見 我,5
51,isiarezaw mupuzah dini imisiw.,他 常 來 這,5
52,isia rezaw mukusa imisiwan.,常 去 他 處,5
53,isia rezaw puzah yakuan.,常 來 我 處,5
54,imisiw a saw ka isia rezaw daadaux tamaku.,那 人 總 是 在 抽煙,5
55,isid uxasebidusa,十 七,5
56,isid u xasebisupat,十 九,5
57,isit a xaseb a turu,十八 (年) 了,5
58,maita kusu,捉 虱 子,5
59,"rakihan ka, bauriak binayu, iu raribu di ituk babaw","小 孩 在 堆 山 垢 , 並 在 頂端 構筑 圍 牆",5
60,"mitul, mamaleng ka mukusa mapa anu mamais","站 起 來 , 男 人 就 去 揹 女 的",5
61,rubang mamais mitul lia,女 孩子 站 起 來 了,5
62,mitul di babaw lia taukua maakawas,長 官 站 在 上 面 講話 了,6
63,kaaken dukul iu baabaket wazu ki rakihan,小孩又吃芋又打狗,6
64,Xauxiiu Daii mupuzah lia.,Xauxi 和 Daii 來 了,6
65,yaku mikita wazu mataru iu baget,我看見的狗又大又胖,6
66,Kalayu iu Kaidan ka takulangadaw nita!,Kalayu 和 Kaidan (商量): 「咱們 (為 他 ) 取 名 吧 !」,6
67,"liaka puzah lia ki taubaret, tata iu apu",然後 鄰居 的 阿姨 和 阿婆 來 了,6
68,taukua iu baabah saw mahatan iu hatan,長官和許多人笑了又笑,6
69,uhuni a dali ka nita iu razem.,今天 是 咱們 的 新 年,6
70,Itih ka mikaden ka ini mupuzah,"Itih 生 病 , 她 就 沒 來",6
71,kaxu di dini.,到 這 兒,6
72,isia liaki Awi ka pikadun lia.,那 時 Awi 出 發 了,6
73,pikadun liaki Awi,Awi 啟程 了,6
74,pikadun dadua magizem mamaleng,全 體 強壯 的 少年 都 出 發 了,6
75,palkadunay masu’ay wazu isia lia'i.,他 要 出 發 並 帶 狗,6
76,pikadun kaxu kawazawat daran.,他 啟程 走 到 半路 上,6
77,kahuy saringa,木耳,6
78,kaidida,在 那 邊,6
79,kaidini,在 這 裡,6
80,kaiziza,那邊,6
81,imini ka maasikakialah aideman.,這 是 裝飾 寢室,6
82,kalapu asuen di naki a xuma.,我 就 把 他 抱 回 家 了,6
83,mukalapu rakihan ki ina.,母親 抱 著 小 孩,6
84,mukalapu kahuy yaku.,我 抱 木柴,6
85,dusa saw makinuanualet musa’ ay mukalapu rakihan,兩 人 趕快 去 抱 孩子,6
86,usa kalapu’i ki rakihan!,去 抱 小 孩,6
87,kalapu’en nia sen di nisia dakal lia.,被 抱 在 他 的 胸 前 了,6
88,kalapu’en ki rakihan.,孩子 被 抱 起 來,6
89,liaka kalapu’en ni Kaidan lia,Kaidan 把 他 抱 起 來 了,6
90,bulayan kalapu’en naki di babaw parin,我 把 鋼 提起 放 在 灶 上,7
91,mukalawa amulu lia aku.,我 接受 柚子 了,7
92,kalaxa alaw.,魚籠,7
93,takalaxi a saw.,騙子,7
94,kalaxi yaku siw.,你 騙 我,7
95,kalaxi. isiw naki a pinarisan.,不 對 ! 你 也 是 我 生 的,7
96,kalimeken,貪吃,7
97,kaligigihan,怕 、 呵 、 癢,7
98,kalihatanan,愛 笑,7
99,kali‘angidan,愛 哭,7
100,kalixideman,"睏, 想睡",7
101,kailsipisan,起 和 雞皮 疙瘩,7
102,kalu sasiper mara ualaw,用 網 捕 魚,7
103,sapakan rakihan,母親 用 鍋 煮 魚 給 小 孩 吃,7
104,rakihan kalu kakazip meken sumay,小 孩 用 筷子 吃 飯,7
105,ina kalu sapa mapa rakihan.,母親用揹巾揹小孩,7
106,ina kalu tadaw mutahay alaw.,母親 用 刀子 殺 魚,7
107,kalu’un imini muburiak laladan.,用 這 個 做 桌子,7
108,kalu’un tadaw mutahay alaw.,刀子 用 來 殺 魚,7
109,kani a alaw!,吃 魚 !,7
110,kinan saw ki alaw,魚 有 人 吃 過,7
111,kakanay sumay yaku,我 要 吃 飯,7
112,Watan ini kaaken alaw,Watan 沒 在 吃 魚,7
113,kaaken sumay yaku,我 正在 吃 飯,7
114,yaku kaaken dukul,我 在 吃 芋頭,7
115,riak a kakanen,"美 味 , 好 吃",7
116,kakanen naki ki isia aalaw,那 魚 要 給 我 吃,7
117,meken siut ki rakihan,小 孩 吃 了 小 酸 桔,7
118,meken siw sumay lia?,你 吃 飯 了 沒 有 ?,7
119,yaku meken dukul,我 吃 了 芋頭,7
120,nah meken aku,我 不 要 吃,8
121,meken asay pai siw?,你 吃 什麼 ?,8
122,ini riak a meken,不 好 吃,8
123,mineken di asai pai siw,你 在 哪裡 吃 過 ?,8
124,mineken di kasibadan yaku,我 在 學 校 裡 吃,8
125,mineken asai pai siw,你 吃 了 什麼 ?,8
126,mineken sumay yaku,我 吃 了 飯 了,8
127,kanen naki dadua lia ki dadas,地 瓜 都 被 我 吃 完了,8
128,makiakanen lia ki Watan.,Watan 餓 了,8
129,makiakanen siw?,你 餓 了 嗎 ?,8
130,makiakanenatial,肚子 餓,8
131,pakan rakihan ina,母 餵 子,8
132,ukuazixa ina pakan rakihan dukul,昨天 母親 餵 小 孩 芋頭,8
133,paakanakani!,大 家 吃 吧!,8
134,Awi ka pinakan durun ni tata,Awi 被阿姨 (後 母 ) 餵食 米糠,8
135,ina mutalek alaw sapakan rakihan,母親 煮 魚 給 小 孩 吃,8
136,ina mutalek dadas sapakan rakihan,母親 煮 地 瓜 給 小 孩 吃,8
137,pakanen lamtak ka meken ki rakihan isia,"餵 他 飯 湯 , 那 嬰兒 也 吃 了",8
138,minupakan rakihan lia imisiw,他 餵 了 小 孩 了,8
139,saakan sumay salaman,飯碗,8
140,"alu, takazipi saaken!",來! 咱來夾菜吧,8
141,wailutakani!,咱們 立刻 吃 ! 趕緊 吃 !,9
142,saw ka takan u sumay.,人 是 吃 飯 的,9
143,adang dali liaka maakuas kani Atun,有 一 天 他 們 對 Atun 說,9
144,babaw mataru a takarat,坐 在 上 面 的 貴賓,9
145,maxatakarat,當 老師,9
146,manakakaraw,洗 腳,9
147,pakaraxi ki hinis,放鬆 心情,9
148,ini makare,不 聾 的,9
149,tikakariang ki rakihan,小 孩 赤 裸 著 (身體),9
150,makarid a bakung,"口 渴 , 喉 乾",9
151,mamais mamaleng paxukarit.,夫妻 在 做 園子,9
152,mukusa maasikarumay di nimisiw a areten lia,他 進 入 他 的 村莊,9
153,papasikarumi!,拿 進 屋 裡 !,9
154,masukarum la di binayu.,進 入 山 裡 了,9
155,tasikarumi mamais a xuma!,入 贅 女 家 吧 !,9
156,isiw ka kasayan mausa’ay di Arux?,你 何時 要 去 大 社 ?,9
157,kasayan nahani Puri pai siw?,你 何時 要 來 埔里 ?,9
158,kasayan ka nisiw a masiatu’ay?, 你何時要穿衣,9
159,nukuasayan a parisan?,你 何時 生 的 ?,9
160,nukuasayan pinarisan pai siw?,你 何時 生 的 ?,9
161,nukasayan mupudah?,何時 來 了 !,9
162,ukassayan ka nisiw a minasiatu?,你 何時 穿 衣 的 ?,9
163,katuri na yaku!,請 為 我 理髮 !,10
164,isiw usa katuri ka rakihan imiaiw,你去幫小孩剃頭,10
165,minukatur lia ki rakihan lai yaku,我剃了小孩的頭,10
166,yaku pakatur punu,我 在 剃頭,10
167,usa pakaturi ni misiw,去 讓 他 剃頭 !,10
168,pinakatur,已 理髮,10
169,"haw, takaturaw naki","好 , 讓 我 來 剃 !",10
170,yaku ka mukawas pazih a kakawas,我 說 巴 宰 話,10
171,aubin dali pirulik a kakawas,後 來 (違背) 口頭 約 定,10
172,yaku maakakawasay uhuda pasukuan,我 將 要 講古 代 的 故事,10
173,maakakawasay uhuza a saw,要 講古 時 候 的 人,10
174,mabaza mukawas pazih a rahan siw?,你 會 說 巴 宰 話 嗎 ?,10
175,imini ka nisiw a kinawas,這 是 你 說 過 的,10
176,musay maakawas miruma liaku naki a pinarisan a ina,"要 去 告訴 她 , 我 找 到 我 的 生 母 了",10
177,ki takarad a isia maakawasi,醫生說了,10
178,maxamaakawasay “mausay pai mu?”,要 引起 對 話 :「你 們 要 去 ?」,10
179,pakawasi pazih a kakawas!,說 巴 宰 語 吧 !,10
180,"na riaxen ka, alu pakawasi yaku",找 到 時 來 告訴 我,10
181,imini ka nisiw a pinakawas,這 是 你 說 過 的,10
182,adang a kawas,一 年,11
183,adang kawas adang kawas,一 年 過 一 年,11
184,dusa kawas,二 年,11
185,nukuadah a kawas,去 年,11
186,"mamah ka xaseb a kawas, suazi ka turu a kawas","哥哥 五 歲 , 弟 弟 三 歲",11
187,xaima kawas imisiw?,他 幾 歲 ?,11
188,xaima kawas pai siw lia?,你 幾 歲 了 ?,11
189,babaw kawas,天 空,11
190,mahabahar kaaw babaw kawas,飛 到 天 上,11
191,haapet meken kaxang?,要 吃 蟹 嗎 ?,11
192,mukakaxaw,搔 (自己) 癢,11
193,papaluzuax ki nami kaxu hanisay sahan,我們要傳承數千(年),11
194,makazang a lapuat,貴的番石榴,11
195,marikazay,動,11
196,parikazayi!,使 動 !,11
197,marikazay di daxe ki kui.,蟲 在 地 上 動,11
198,rahuay ka mikita kaidi ruburubu ka hada marikazay a axay haimisiw.,老鷹 看 見 下 面 有 什麼 在 動,11
199,marikazay a dalum imini lia.,水 在 流動 了,11
200,kakazip saakan sumay.,吃 飯 用 的 筷子,11
201,Abuk ka kalu kakazip meken sumay,Abuk 用 筷子 吃 飯,11
202,kazibi!,挾(菜)!,11
203,,,
204,,,
205,,,
206,,,
207,,,
208,,,
209,,,
210,,,
211,,,
212,,,
213,,,
214,,,
215,,,
216,,,
217,,,
218,,,
219,,,
220,,,
221,,,
222,,,
223,,,
224,,,
225,,,
226,,,
227,,,
228,,,
229,,,
230,,,
231,,,
232,,,
233,,,
234,,,
235,,,
236,,,
237,,,
238,,,
239,,,
240,,,
241,,,
242,,,
243,,,
244,,,
245,,,
246,,,
247,,,
248,,,
249,,,
250,,,
251,,,
252,,,
253,,,
254,,,
255,,,
256,,,
257,,,
258,,,
259,,,
260,,,
261,,,
262,,,
263,,,
264,,,
265,,,
266,,,
267,,,
268,,,
269,,,
270,,,
271,,,
272,,,
273,,,
274,,,
275,,,
276,,,
277,,,
278,,,
279,,,
280,,,
281,,,
282,,,
283,,,
284,,,
285,,,
286,,,
287,,,
288,,,
289,,,
290,,,
291,,,
292,,,
293,,,
294,,,
295,,,
296,,,
297,,,
298,,,
299,,,
300,,,
301,,,
302,,,
303,,,
304,,,
305,,,
306,,,
307,,,
308,,,
309,,,
310,,,
311,,,
312,,,
313,,,
314,,,
315,,,
316,,,
317,,,
318,,,
319,,,
320,,,
321,,,
322,,,
323,,,
324,,,
325,,,
326,,,
327,,,
328,,,
329,,,
330,,,
331,,,
332,,,
333,,,
334,,,
335,,,
336,,,
337,,,
338,,,
339,,,
340,,,
341,,,
342,,,
343,,,
344,,,
345,,,
346,,,
347,,,
348,,,
349,,,
350,,,
351,,,
352,,,
353,,,
354,,,
355,,,
356,,,
357,,,
358,,,
359,,,
360,,,
361,,,
362,,,
363,,,
364,,,
365,,,
366,,,
367,,,
368,,,
369,,,
370,,,
371,,,
372,,,
373,,,
374,,,
375,,,
376,,,
377,,,
378,,,
379,,,
380,,,
381,,,
382,,,
383,,,
384,,,
385,,,
386,,,
387,,,
388,,,
389,,,
390,,,
391,,,
392,,,
393,,,
394,,,
395,,,
396,,,
397,,,
398,,,
399,,,
400,,,
401,,,
402,,,
403,,,
404,,,
405,,,
406,,,
407,,,
408,,,
409,,,
410,,,
411,,,
412,,,
413,,,
414,,,
415,,,
416,,,
417,,,
418,,,
419,,,
420,,,
421,,,
422,,,
423,,,
424,,,
425,,,
426,,,
427,,,
428,,,
429,,,
430,,,
431,,,
432,,,
433,,,
434,,,
435,,,
436,,,
437,,,
438,,,
439,,,
440,,,
441,,,
442,,,
443,,,
444,,,
445,,,
446,,,
447,,,
448,,,
449,,,
450,,,
451,,,
452,,,
453,,,
454,,,
455,,,
456,,,
457,,,
458,,,
459,,,
460,,,
461,,,
462,,,
463,,,
464,,,
465,,,
466,,,
467,,,
468,,,
469,,,
470,,,
471,,,
472,,,
473,,,
474,,,
475,,,
476,,,
477,,,
478,,,
479,,,
480,,,
481,"duila lia mata di zaxizaxi, mata di dapidapi, mata raxuraxung","走向很崎嶇的路, 沿著懸崖並涉河",26
482,pasaken daya ka mata di amisan,到 東方 再 轉 向 北,26
483,"naki a baba isia ka, mausay patilekat murazaw mata dida","我舅舅要去放陷阱, 打從那裡經過",26
484,mata di abu ka ini muriux lia,有 灰 的 地 方 無 法 滑行 了,26
485,"mitalam iu daran ka, pata di daya!",要 跑 的 路 線 是 向東 !,26
486,matiluxut,捕 鹿,26
487,pati’alaw,捕 魚,26
488,matutilikat,設 陷 陸,26
489,matubaru ,生 私生子,26
490,matupang”,( 味 ) 澀,26
491,matu’asa’asay,無 聊,26
492,matu’asay hinis,心中 異樣,26
493,matu’azang,,26
494,maxadaxang,流 汗,26
495,maxarese,流淚,26
496,maxatunu,流 鼻 水,26
497,maxadamu,流血,26
498,maxa’apaus,,26
499,maxamangit,似乎 在 哭,26
500,maxakela,想,26
501,maxatulatula,遊 手 好 閒 、 當 小 混混,26
502,maxariak,富有,26
503,,,
504,,,
505,,,
506,,,
507,,,
508,,,
509,,,
510,,,
511,,,
512,,,
513,,,
514,,,
515,,,
516,,,
517,,,
518,,,
519,,,
520,,,
521,,,
522,,,
523,,,
524,,,
525,,,
526,,,
527,"ini riak ka imini, tia di adang malaleng","此 處 不 好 , 要 到 別處 去 住",28
528,adang a dadial mupuzah dini imisiw,他 偶而 來 此,28
529,adang a dali mangit lia,哭了 一 整 天,28
530,miaadali a yaurun,每 天 下 十,28
531,matu’adang a hinis yaku,我 改變 主 意,28
532,ademi rahan!,閉口 !,28
533,adem nisiw,閉 上 你 之 口,28
534,adeng a saw,重 聽 的 人,28
535,asai waadeng pai siw?,你 為 什麼 捨不得 (不 讓 步 )?,28
536,mader a daxe,硬 土 、 堅 硬 的 士 地,28
537,"adu’i, aunu aubin a saw kakanen",放 著 ! 留 給 後 來 的 人 吃,28
538,inaduan arim a kalaha,放 桃 子 的 籃子,28
539,haiki kinius rahuay adu sen di naki pinaxuruma dadas rabax a babaw.,他 似乎 被 老鷹 挾 來 放 在 我 所 種 的 地 瓜 葉 上,28
540,aduun naki lia,我 放 好 了,28
541,pinaxuruma dadas rabax babaw adu’en dida ki rakihan.,把 小 孩 放 在 〈 他 ) 所 種 的 地 瓜 葉 上,28
542,tumala maluhusu maakuas Atun ka adu’en di hinis apu a kinawas a rahan.,"聽到 那 邊 的 對 話 , 阿 敦 把 老太婆 說 的 話 放 在 心裡",28
543,madu aku dini,我 放 在 這 兒,28
544,,,
545,,,
546,,,
547,,,
548,,,
549,,,
550,,,
551,,,
552,,,
553,,,
554,,,
555,,,
556,,,
557,,,
558,,,
559,,,
560,,,
561,"hawi lia, kialih kialih mariwiriw lia",Bf ys > ORR CAL) eee,30
562,maxakialihay mikita,BS2jTAA,30
563,alipuhi ki laladan!,拌 落 果 上 的 灰塵 吧 !,30
564,alu pakawasi yaku,來 告訴 我 !,30
565,usa aral nisiw a ina alu dini a malaleng,去 帶 你 的 母親 來 這 兒 住,30
566,"alu, takazipi saaken!",AK > HEP PRERNEL |,30
567,"na haapet mikita yaku a saw ka, alu binayu a malaleng ka kita yaku.","偷 若 要 看 我 的 人 , 來 山上 住 就 看 得 到 我",30
568,yakuuTaw ki minalup.,我 和 Taw 打 獵 了,30
569,ayan ka niam a pinaturay.,ayan 是 我 們 的 傳統 歌謠,30
570,niam arakihan.,我 們 的 孩子,30
571,baxal yami aunu dali uhuni kakanen niam!,給 我 們 讓 我 們 今天 吃 !,30
572,mukawas yami,我 們 說 話,30
573,abasan suadi mausay ha yami.,我 們 姊妹 (或 兄弟 、 姊 弟 、 兄 妹 ) 要 去,30
574,maki yamian malaleng,要 跟 我 們 住,30
575,alu yamian,來 我 們 這 兒,30
576,naki a aba mausay mikiliw saw puzah di yamian.,PAY AC BE A REAR,30
577,alu kita’i yamin!,來 看 我 們 吧 !,30
578,imu kikita yamin,你 們 在 看 我 們,31
579,imisiw makawas yamin,他 在 說 我 們,31
580,naki a ina mamah mubaxa yamin tula rumut,我 媽 的 哥哥 給 我 們 鰻魚 肉,31
581,mausay hatyami maxadaxe Saraumaw.,我 們 要 到 Saraumaw ( 梨 I 山 ) 去,31
582,dineken namisiw hai siw,你 是 他 們 撿 來 的,31
583,naki a tata ka mukusa di namisiw a reten maakuaslia.,我 舅媽 去 他 們 村 中 談話 了,31
584,yamisiw dadua nahani ay,他 們 都 要 來,31
585,ita tiadi yamisiwan,咱們 去 到 他 們 那 裡,31
586,"Atun maara’ay mamais, yaku ka mausay di yamisiwan maabezebet.",PCR ARK RBA HAA,31
587,ana kizex! ituku dini!,別 站 著 ! 坐 這 兒 !,31
588,ana meken sumay!,別 吃 飯 !,31
589,ana mudaux inusat!,別 喝 酒 !,31
590,ana mubaket rakihan!,別 打 孩子 !,31
591,ana mataru wa rahan!,別 大 聲 !,31
592,pikaden ka ana mupuzah!,生 病 就 別 來 !,31
593,ana di dini midem!,別 在 此 地 睡 !,31
594,ana meken dukul!,別 吃 芋 !,31
595,mudan ka ana mukusa,FRY REE,31
596,manat hapuy,著 火,31
597,manat bahah,ARE,31
598,kali’angidan ka maxiarese,愛 哭 鬼 流淚,31
599,,,
600,,,
601,,,
602,,,
603,,,
604,,,
605,,,
606,,,
607,,,
608,,,
609,,,
610,,,
611,,,
612,,,
613,,,
614,,,
615,,,
616,,,
617,,,
618,,,
619,,,
620,,,
621,yaku ka paudah di maanu,我 從 遠 處 來,33
622,"miitul, mamaleng ka mukusa mapa anu mamais",,33
623,maanu a babaw binayu kikita’en a ilas,,33
624,musay di maanu a binayu lia,要 去 深,33
625,"ayan nu ayan, tadudu iu maanu","咀 們 談 到 根源 , 那 是 很 久遠 以 前 的 事",33
626,anuy aa kuadeng alaw a imini!,Fy TeBAy > aa (43) BOMRA ES |,33
627,ina ka mapa rakihan,BEARS SE,33
628,ina ka mapa mangid a rakihan,母親 揹 哭 的 孩子,33
629,"istw mapa rakihan ka, yaku maapa’ay rakihan","如 果 你 揹 小 孩 , 我 也 揹",33
630,maapa rakihan a ina ka mangit lia,fa EX FIBER I,33
631,ina inapa rakihan ka riak a midem lia,BERT HEY FEAR A,33
632,ahuan inapa a hahihahimai a paranah ka paizah u raxung.,傍晚 裝 貨 的 船 順流 而 下,33
633,apa en ni ina rakihan ka midem lia,母親 揹 著 的 孩子 睡 著 了,33
634,iaiw ka apa’en naki,你 由 我 揹 著,33
635,"isia lia ki saw a isia’e, ara en laiki rangarang a isia ka apa’en di aubil lia.",ABIRA MEAT ELAR I me RB mw,33
636,,,
637,,,
638,,,
639,,,
640,,,
641,,,
642,,,
643,,,
644,,,
645,,,
646,,,
647,,,
648,,,
649,,,
650,,,
651,,,
652,,,
653,,,
654,,,
655,,,
656,,,
657,,,
658,,,
659,,,
660,,,
661,,,
662,,,
663,,,
664,,,
665,,,
666,,,
667,,,
668,asai pai mini?,這 是 什麼 ?,36
669,asay pai mini?,這 是 什麼 ?,36
670,Taubas ka nisiw a asay?,Taubas 是 你 的 什麼 人 ?,36
671,pauzah di asay pai siw?,你 從 哪裡 來 ?,36
672,pauzah asay pai siw?,你 從 何 處 來 ?,36
673,asay maxa mausay siw?,你 為 什麼 要 去 ?,36
674,asay maxa meken siw?,你 為 什麼 要 吃 ?,36
675,mausay asay?,要 去 哪兒 ?,36
676,usa asay?,去 哪兒 ?,36
677,asay maxa’ini mupuzah?,何故 沒 來 ?,36
678,mausay di asay pai siw?,你 要 到 哪裡 去 ?,36
679,Atun lia asay?,哪 一 個 是 Atun ?,36
680,asay ki nisiw akakanen? ”,你 吃 什麼 ?,36
681,mabaza siw asay?,你 懂 什 麼 ?,36
682,mupuzah asay pai siw?,你 來 做 什麼 ?,36
683,asay ini mupuzah pai siw?,你 為 何 沒 來 ?,36
684,nisiw arakihan ka aidi asay?,你 的 孩子 在 哪兒 ?,36
685,dua’asay lia?,發 咎 什麼 了 ?,36
686,mikita yaka ka duasasayay?,看 我 做 什麼 ?,36
687,mausay kaisay lia laiki naki a ina aba.,BEA (探查) 我 的 父母 到 底 怎 麼 樣 了 !,36
688,matu’asa’asay ahinis .,[ A» FES + PP 4,36
689,isiw ka haapet mia’asay?,你 喜歡 那 個 ?,36
690,mia’asay ki nisiw a tadaw?,哪 一 把 是 你 的 刀 ?,36
691,mu ' asay mukusa di binayu pai siw?,,36
692,,,
693,,,
694,,,
695,,,
696,,,
697,,,
698,,,
699,,,
700,,,
701,,,
702,,,
703,,,
704,,,
705,,,
706,,,
707,,,
708,,,
709,,,
710,,,
711,,,
712,,,
713,,,
714,,,
715,,,
716,,,
717,,,
718,,,
719,,,
720,,,
721,,,
722,,,
723,,,
724,,,
725,,,
726,,,
727,,,
728,,,
729,,,
730,,,
731,,,
732,,,
733,,,
734,,,
735,,,
736,,,
737,,,
738,,,
739,,,
740,,,
741,,,
742,,,
743,,,
744,,,
745,,,
746,,,
747,,,
748,,,
749,,,
750,,,
751,,,
752,,,
753,,,
754,,,
755,,,
756,,,
757,,,
758,,,
759,,,
760,,,
761,,,
762,,,
763,,,
764,,,
765,,,
766,,,
767,,,
768,,,
769,,,
770,,,
771,,,
772,,,
773,,,
774,,,
775,,,
776,,,
777,,,
778,,,
779,,,
780,,,
781,,,
782,,,
783,,,
784,,,
785,,,
786,,,
787,,,
788,,,
789,,,
790,,,
791,,,
792,,,
793,,,
794,,,
795,,,
796,,,
797,,,
798,,,
799,,,
800,,,
801,,,
802,,,
803,,,
804,,,
805,,,
806,,,
807,,,
808,,,
809,,,
810,,,
811,,,
812,,,
813,,,
814,,,
815,,,
816,,,
817,,,
818,,,
819,,,
820,,,
821,,,
822,,,
823,,,
824,,,
825,,,
826,,,
827,,,
828,,,
829,,,
830,,,
831,,,
832,,,
833,,,
834,,,
835,,,
836,,,
837,,,
838,,,
839,,,
840,,,
841,,,
842,,,
843,,,
844,,,
845,,,
846,,,
847,,,
848,,,
849,,,
850,,,
851,,,
852,,,
853,,,
854,,,
855,,,
856,,,
857,,,
858,,,
859,,,
860,,,
861,,,
862,,,
863,,,
864,,,
865,,,
866,,,
867,,,
868,,,
869,,,
870,,,
871,,,
872,,,
873,,,
874,,,
875,,,
876,,,
877,,,
878,,,
879,,,
880,,,
881,,,
882,,,
883,,,
884,,,
885,,,
886,,,
887,,,
888,,,
889,,,
890,,,
891,,,
892,,,
893,,,
894,,,
895,,,
896,,,
897,,,
898,,,
899,,,
900,,,
901,,,
902,,,
903,,,
904,,,
905,,,
906,,,
907,,,
908,,,
909,,,
910,,,
911,,,
912,,,
913,,,
914,,,
915,,,
916,,,
917,,,
918,,,
919,,,
920,,,
921,,,
922,,,
923,,,
924,,,
925,,,
926,,,
927,,,
928,,,
929,,,
930,,,
931,,,
932,,,
933,,,
934,,,
935,,,
936,,,
937,,,
938,,,
939,,,
940,,,
941,,,
942,,,
943,,,
944,,,
945,,,
946,,,
947,,,
948,,,
949,,,
950,,,
951,,,
952,,,
953,,,
954,,,
955,,,
956,,,
957,,,
958,,,
959,,,
960,,,
961,,,
962,,,
963,,,
964,,,
965,,,
966,,,
967,,,
968,,,
969,,,
970,,,
971,,,
972,,,
973,,,
974,,,
975,,,
976,,,
977,,,
978,,,
979,,,
980,,,
981,,,
982,,,
983,,,
984,,,
985,,,
986,,,
987,,,
988,,,
989,,,
990,,,
991,,,
992,,,
993,,,
994,,,
995,,,
996,,,
997,,,
998,,,
999,,,
1000,,,
1001,,,
1002,,,
1003,,,
1004,,,
1005,,,
1006,,,
1007,,,
1008,,,
1009,,,
1010,,,
1011,,,
1012,,,
1013,,,
1014,,,
1015,,,
1016,,,
1017,,,
1018,,,
1019,,,
1020,,,
1021,,,
1022,,,
1023,,,
1024,,,
1025,,,
1026,,,
1027,,,
1028,,,
1029,,,
1030,,,
1031,,,
1032,,,
1033,,,
1034,,,
1035,,,
1036,,,
1037,,,
1038,,,
1039,,,
1040,,,
1041,,,
1042,,,
1043,,,
1044,,,
1045,,,
1046,,,
1047,,,
1048,,,
1049,,,
1050,,,
1051,,,
1052,,,
1053,,,
1054,,,
1055,,,
1056,,,
1057,,,
1058,,,
1059,,,
1060,,,
1061,,,
1062,,,
1063,,,
1064,,,
1065,,,
1066,,,
1067,,,
1068,,,
1069,,,
1070,,,
1071,,,
1072,,,
1073,,,
1074,,,
1075,,,
1076,,,
1077,,,
1078,,,
1079,,,
1080,,,
1081,,,
1082,,,
1083,,,
1084,,,
1085,,,
1086,,,
1087,,,
1088,,,
1089,,,
1090,,,
1091,,,
1092,,,
1093,,,
1094,,,
1095,,,
1096,,,
1097,,,
1098,,,
1099,,,
1100,,,
1101,,,
1102,,,
1103,,,
1104,,,
1105,,,
1106,,,
1107,,,
1108,,,
1109,,,
1110,,,
1111,,,
1112,,,
1113,,,
1114,,,
1115,,,
1116,,,
1117,,,
1118,,,
1119,,,
1120,,,
1121,,,
1122,,,
1123,,,
1124,,,
1125,,,
1126,,,
1127,,,
1128,,,
1129,,,
1130,,,
1131,,,
1132,,,
1133,,,
1134,,,
1135,,,
1136,,,
1137,,,
1138,,,
1139,,,
1140,,,
1141,,,
1142,,,
1143,,,
1144,,,
1145,,,
1146,,,
1147,,,
1148,,,
1149,,,
1150,,,
1151,,,
1152,,,
1153,,,
1154,,,
1155,,,
1156,,,
1157,,,
1158,,,
1159,,,
1160,,,
1161,,,
1162,,,
1163,,,
1164,,,
1165,,,
1166,,,
1167,,,
1168,,,
1169,,,
1170,,,
1171,,,
1172,,,
1173,,,
1174,,,
1175,,,
1176,,,
1177,,,
1178,,,
1179,,,
1180,,,
1181,,,
1182,,,
1183,,,
1184,,,
1185,,,
1186,,,
1187,,,
1188,,,
1189,,,
1190,,,
1191,,,
1192,,,
1193,,,
1194,,,
1195,,,
1196,,,
1197,,,
1198,,,
1199,,,
1200,,,
1201,,,
1202,,,
1203,,,
1204,,,
1205,,,
1206,,,
1207,,,
1208,,,
1209,,,
1210,,,
1211,,,
1212,,,
1213,,,
1214,,,
1215,,,
1216,,,
1217,,,
1218,,,
1219,,,
1220,,,
1221,,,
1222,,,
1223,,,
1224,,,
1225,,,
1226,,,
1227,,,
1228,,,
1229,,,
1230,,,
1231,,,
1232,,,
1233,,,
1234,,,
1235,,,
1236,,,
1237,,,
1238,,,
1239,,,
1240,,,
1241,,,
1242,,,
1243,,,
1244,,,
1245,,,
1246,,,
1247,,,
1248,,,
1249,,,
1250,,,
1251,,,
1252,,,
1253,,,
1254,,,
1255,,,
1256,,,
1257,,,
1258,,,
1259,,,
1260,,,
1261,,,
1262,,,
1263,,,
1264,,,
1265,,,
1266,,,
1267,,,
1268,,,
1269,,,
1270,,,
1271,,,
1272,,,
1273,,,
1274,,,
1275,,,
1276,,,
1277,,,
1278,,,
1279,,,
1280,,,
1281,,,
1282,,,
1283,,,
1284,,,
1285,,,
1286,,,
1287,,,
1288,,,
1289,,,
1290,,,
1291,,,
1292,,,
1293,,,
1294,,,
1295,,,
1296,,,
1297,,,
1298,,,
1299,,,
1300,,,
1301,,,
1302,,,
1303,,,
1304,,,
1305,,,
1306,,,
1307,,,
1308,,,
1309,,,
1310,,,
1311,,,
1312,,,
1313,,,
1314,,,
1315,,,
1316,,,
1317,,,
1318,,,
1319,,,
1320,,,
1321,,,
1322,,,
1323,,,
1324,,,
1325,,,
1326,,,
1327,,,
1328,,,
1329,,,
1330,,,
1331,,,
1332,,,
1333,,,
1334,,,
1335,,,
1336,,,
1337,,,
1338,,,
1339,,,
1340,,,
1341,,,
1342,,,
1343,,,
1344,,,
1345,,,
1346,,,
1347,,,
1348,,,
1349,,,
1350,,,
1351,,,
1352,,,
1353,,,
1354,,,
1355,,,
1356,,,
1357,,,
1358,,,
1359,,,
1360,,,
1361,,,
1362,,,
1363,,,
1364,,,
1365,,,
1366,,,
1367,,,
1368,,,
1369,,,
1370,,,
1371,,,
1372,,,
1373,,,
1374,,,
1375,,,
1376,,,
1377,,,
1378,,,
1379,,,
1380,,,
1381,,,
1382,,,
1383,,,
1384,,,
1385,,,
1386,,,
1387,,,
1388,,,
1389,,,
1390,,,
1391,,,
1392,,,
1393,,,
1394,,,
1395,,,
1396,,,
1397,,,
1398,,,
1399,,,
1400,,,
1401,,,
1402,,,
1403,,,
1404,,,
1405,,,
1406,,,
1407,,,
1408,,,
1409,,,
1410,,,
1411,,,
1412,,,
1413,,,
1414,,,
1415,,,
1416,,,
1417,,,
1418,,,
1419,,,
1420,,,
1421,,,
1422,,,
1423,,,
1424,,,
1425,,,
1426,,,
1427,,,
1428,,,
1429,,,
1430,,,
1431,,,
1432,,,
1433,,,
1434,,,
1435,,,
1436,,,
1437,,,
1438,,,
1439,,,
1440,,,
1441,,,
1442,,,
1443,,,
1444,,,
1445,,,
1446,,,
1447,,,
1448,,,
1449,,,
1450,,,
1451,,,
1452,,,
1453,,,
1454,,,
1455,,,
1456,,,
1457,,,
1458,,,
1459,,,
1460,,,
1461,,,
1462,,,
1463,,,
1464,,,
1465,,,
1466,,,
1467,,,
1468,,,
1469,,,
1470,,,
1471,,,
1472,,,
1473,,,
1474,,,
1475,,,
1476,,,
1477,,,
1478,,,
1479,,,
1480,,,
1481,,,
1482,,,
1483,,,
1484,,,
1485,,,
1486,,,
1487,,,
1488,,,
1489,,,
1490,,,
1491,,,
1492,,,
1493,,,
1494,,,
1495,,,
1496,,,
1497,,,
1498,,,
1499,,,
1500,,,
1501,,,
1502,,,
1503,,,
1504,,,
1505,,,
1506,,,
1507,,,
1508,,,
1509,,,
1510,,,
1511,,,
1512,,,
1513,,,
1514,,,
1515,,,
1516,,,
1517,,,
1518,,,
1519,,,
1520,,,
1521,,,
1522,,,
1523,,,
1524,,,
1525,,,
1526,,,
1527,,,
1528,,,
1529,,,
1530,,,
1531,,,
1532,,,
1533,,,
1534,,,
1535,,,
1536,,,
1537,,,
1538,,,
1539,,,
1540,,,
1541,,,
1542,,,
1543,,,
1544,,,
1545,,,
1546,,,
1547,,,
1548,,,
1549,,,
1550,,,
1551,,,
1552,,,
1553,,,
1554,,,
1555,,,
1556,,,
1557,,,
1558,,,
1559,,,
1560,,,
1561,,,
1562,,,
1563,,,
1564,,,
1565,,,
1566,,,
1567,,,
1568,,,
1569,,,
1570,,,
1571,,,
1572,,,
1573,,,
1574,,,
1575,,,
1576,,,
1577,,,
1578,,,
1579,,,
1580,,,
1581,,,
1582,,,
1583,,,
1584,,,
1585,,,
1586,,,
1587,,,
1588,,,
1589,,,
1590,,,
1591,,,
1592,,,
1593,,,
1594,,,
1595,,,
1596,,,
1597,,,
1598,,,
1599,,,
1600,,,
1601,,,
1602,,,
1603,,,
1604,,,
1605,,,
1606,,,
1607,,,
1608,,,
1609,,,
1610,,,
1611,,,
1612,,,
1613,,,
1614,,,
1615,,,
1616,,,
1617,,,
1618,,,
1619,,,
1620,,,
1621,,,
1622,,,
1623,,,
1624,,,
1625,,,
1626,,,
1627,,,
1628,,,
1629,,,
1630,,,
1631,,,
1632,,,
1633,,,
1634,,,
1635,,,
1636,,,
1637,,,
1638,,,
1639,,,
1640,,,
1641,,,
1642,,,
1643,,,
1644,,,
1645,,,
1646,,,
1647,,,
1648,,,
1649,,,
1650,,,
1651,,,
1652,,,
1653,,,
1654,,,
1655,,,
1656,,,
1657,,,
1658,,,
1659,,,
1660,,,
1661,,,
1662,,,
1663,,,
1664,,,
1665,,,
1666,,,
1667,,,
1668,,,
1669,,,
1670,,,
1671,,,
1672,,,
1673,,,
1674,,,
1675,,,
1676,,,
1677,,,
1678,,,
1679,,,
1680,,,
1681,,,
1682,,,
1683,,,
1684,,,
1685,,,
1686,,,
1687,,,
1688,,,
1689,,,
1690,,,
1691,,,
1692,,,
1693,,,
1694,,,
1695,,,
1696,,,
1697,,,
1698,,,
1699,,,
1700,,,
1701,,,
1702,,,
1703,,,
1704,,,
1705,,,
1706,,,
1707,,,
1708,,,
1709,,,
1710,,,
1711,,,
1712,,,
1713,,,
1714,,,
1715,,,
1716,,,
1717,,,
1718,,,
1719,,,
1720,,,
1721,,,
1722,,,
1723,,,
1724,,,
1725,,,
1726,,,
1727,,,
1728,,,
1729,,,
1730,,,
1731,,,
1732,,,
1733,,,
1734,,,
1735,,,
1736,,,
1737,,,
1738,,,
1739,,,
1740,,,
1741,,,
1742,,,
1743,,,
1744,,,
1745,,,
1746,,,
1747,,,
1748,,,
1749,,,
1750,,,
1751,,,
1752,,,
1753,,,
1754,,,
1755,,,
1756,,,
1757,,,
1758,,,
1759,,,
1760,,,
1761,,,
1762,,,
1763,,,
1764,,,
1765,,,
1766,,,
1767,,,
1768,,,
1769,,,
1770,,,
1771,,,
1772,,,
1773,,,
1774,,,
1775,,,
1776,,,
1777,,,
1778,,,
1779,,,
1780,,,
1781,,,
1782,,,
1783,,,
1784,,,
1785,,,
1786,,,
1787,,,
1788,,,
1789,,,
1790,,,
1791,,,
1792,,,
1793,,,
1794,,,
1795,,,
1796,,,
1797,,,
1798,,,
1799,,,
1800,,,
1801,,,
1802,,,
1803,,,
1804,,,
1805,,,
1806,,,
1807,,,
1808,,,
1809,,,
1810,,,
1811,,,
1812,,,
1813,,,
1814,,,
1815,,,
1816,,,
1817,,,
1818,,,
1819,,,
1820,,,
1821,,,
1822,,,
1823,,,
1824,,,
1825,,,
1826,,,
1827,,,
1828,,,
1829,,,
1830,,,
1831,,,
1832,,,
1833,,,
1834,,,
1835,,,
1836,,,
1837,,,
1838,,,
1839,,,
1840,,,
1841,,,
1842,,,
1843,,,
1844,,,
1845,,,
1846,,,
1847,,,
1848,,,
1849,,,
1850,,,
1851,,,
1852,,,
1853,,,
1854,,,
1855,,,
1856,,,
1857,,,
1858,,,
1859,,,
1860,,,
1861,,,
1862,,,
1863,,,
1864,,,
1865,,,
1866,,,
1867,,,
1868,,,
1869,,,
1870,,,
1871,,,
1872,,,
1873,,,
1874,,,
1875,,,
1876,,,
1877,,,
1878,,,
1879,,,
1880,,,
1881,,,
1882,,,
1883,,,
1884,,,
1885,,,
1886,,,
1887,,,
1888,,,
1889,,,
1890,,,
1891,,,
1892,,,
1893,,,
1894,,,
1895,,,
1896,,,
1897,,,
1898,,,
1899,,,
1900,,,
1901,,,
1902,,,
1903,,,
1904,,,
1905,,,
1906,,,
1907,,,
1908,,,
1909,,,
1910,,,
1911,,,
1912,,,
1913,,,
1914,,,
1915,,,
1916,,,
1917,,,
1918,,,
1919,,,
1920,,,
1921,,,
1922,,,
1923,,,
1924,,,
1925,,,
1926,,,
1927,,,
1928,,,
1929,,,
1930,,,
1931,,,
1932,,,
1933,,,
1934,,,
1935,,,
1936,,,
1937,,,
1938,,,
1939,,,
1940,,,
1941,,,
1942,,,
1943,,,
1944,,,
1945,,,
1946,,,
1947,,,
1948,,,
1949,,,
1950,,,
1951,,,
1952,,,
1953,,,
1954,,,
1955,,,
1956,,,
1957,,,
1958,,,
1959,,,
1960,,,
1961,,,
1962,,,
1963,,,
1964,,,
1965,,,
1966,,,
1967,,,
1968,,,
1969,,,
1970,,,
1971,,,
1972,,,
1973,,,
1974,,,
1975,,,
1976,,,
1977,,,
1978,,,
1979,,,
1980,,,
1981,,,
1982,,,
1983,,,
1984,,,
1985,,,
1986,,,
1987,,,
1988,,,
1989,,,
1990,,,
1991,,,
1992,,,
1993,,,
1994,,,
1995,,,
1996,,,
1997,,,
1998,,,
1999,,,
2000,,,
2001,,,
2002,,,
2003,,,
2004,,,
2005,,,
2006,,,
2007,,,
2008,,,
2009,,,
2010,,,
2011,,,
2012,,,
2013,,,
2014,,,
2015,,,
2016,,,
2017,,,
2018,,,
2019,,,
2020,,,
2021,,,
2022,,,
2023,,,
2024,,,
2025,,,
2026,,,
2027,,,
2028,,,
2029,,,
2030,,,
2031,,,
2032,,,
2033,,,
2034,,,
2035,,,
2036,,,
2037,,,
2038,,,
2039,,,
2040,,,
2041,,,
2042,,,
2043,,,
2044,,,
2045,,,
2046,,,
2047,,,
2048,,,
2049,,,
2050,,,
2051,,,
2052,,,
2053,,,
2054,,,
2055,,,
2056,,,
2057,,,
2058,,,
2059,,,
2060,,,
2061,,,
2062,,,
2063,,,
2064,,,
2065,,,
2066,,,
2067,,,
2068,,,
2069,,,
2070,,,
2071,,,
2072,,,
2073,,,
2074,,,
2075,,,
2076,,,
2077,,,
2078,,,
2079,,,
2080,,,
2081,,,
2082,,,
2083,,,
2084,,,
2085,,,
2086,,,
2087,,,
2088,,,
2089,,,
2090,,,
2091,,,
2092,,,
2093,,,
2094,,,
2095,,,
2096,,,
2097,,,
2098,,,
2099,,,
2100,,,
2101,,,
2102,,,
2103,,,
2104,,,
2105,,,
2106,,,
2107,,,
2108,,,
2109,,,
2110,,,
2111,,,
2112,,,
2113,,,
2114,,,
2115,,,
2116,,,
2117,,,
2118,,,
2119,,,
2120,,,
2121,,,
2122,,,
2123,,,
2124,,,
2125,,,
2126,,,
2127,,,
2128,,,
2129,,,
2130,,,
2131,,,
2132,,,
2133,,,
2134,,,
2135,,,
2136,,,
2137,,,
2138,,,
2139,,,
2140,,,
2141,,,
2142,,,
2143,,,
2144,,,
2145,,,
2146,,,
2147,,,
2148,,,
2149,,,
2150,,,
2151,,,
2152,,,
2153,,,
2154,,,
2155,,,
2156,,,
2157,,,
2158,,,
2159,,,
2160,,,
2161,,,
2162,,,
2163,,,
2164,,,
2165,,,
2166,,,
2167,,,
2168,,,
2169,,,
2170,,,
2171,,,
2172,,,
2173,,,
2174,,,
2175,,,
2176,,,
2177,,,
2178,,,
2179,,,
2180,,,
2181,,,
2182,,,
2183,,,
2184,,,